{"cameraMode":{"drawMode":0,"name":"Shaded","section":"Shading Mode"},"sceneLighting":true,"audioPlay":false,"sceneViewState":{"showFog":false,"showMaterialUpdate":false,"showSkybox":false,"showFlares":false,"showImageEffects":false,"showParticleSystems":false},"in2DMode":false,"pivot":{"x":-0.5418844223022461,"y":-1.1628341674804688,"z":1.5108718872070313},"rotation":{"x":-0.10940932482481003,"y":0.8758538365364075,"z":-0.2356330007314682,"w":-0.40667709708213808},"size":10.0,"orthographic":false}