{"cameraMode":{"drawMode":0,"name":"Shaded","section":"Shading Mode"},"sceneLighting":true,"audioPlay":false,"sceneViewState":{"showFog":false,"showMaterialUpdate":false,"showSkybox":false,"showFlares":false,"showImageEffects":false,"showParticleSystems":false},"in2DMode":false,"pivot":{"x":-1.2211017608642579,"y":0.8702764511108398,"z":0.7212610244750977},"rotation":{"x":-0.08522844314575196,"y":0.8897003531455994,"z":-0.18573901057243348,"w":-0.40824973583221438},"size":10.0,"orthographic":false}